Id;Caracteristique
1650;Longueur des branches:140mm,Largeur d'un verre:58mm,Largeur du pont:17mm,Largeur totale:273mm,Hauteur d'un verre:43.6mm,Matière:Métal,Forme:Rectangle,Genre:Homme,Couleur:gris_606060
1594;Longueur des branches:135mm,Largeur d'un verre:54.1mm,Largeur du pont:19mm,Largeur totale:262.2mm,Hauteur d'un verre:45.2mm,Matière:Plastique,Forme:Papillon,Genre:Femme,Couleur:marron_582900
1602;Longueur des branches:135mm,Largeur d'un verre:54.1mm,Largeur du pont:19mm,Largeur totale:262.2mm,Hauteur d'un verre:45.2mm,Matière:Plastique,Forme:Papillon,Genre:Femme,Couleur:gris_606060
1546;Longueur des branches:135mm,Largeur d'un verre:59mm,Largeur du pont:17mm,Largeur totale:270mm,Hauteur d'un verre:51.8mm,Matière:Métal,Forme:Carré,Genre:Femme,Couleur:marron_582900
1610;Longueur des branches:135mm,Largeur d'un verre:57.1mm,Largeur du pont:15mm,Largeur totale:264.2mm,Hauteur d'un verre:48.5mm,Matière:Plastique,Forme:Papillon,Genre:Femme,Couleur:Gris_606060
1554;Longueur des branches:135mm,Largeur d'un verre:57mm,Largeur du pont:17mm,Largeur totale:266mm,Hauteur d'un verre:47.4mm,Matière:Plastique,Forme:Papillon,Genre:Femme,Couleur:marron_582900
1618;Longueur des branches:140mm,Largeur d'un verre:57mm,Largeur du pont:16mm,Largeur totale:270mm,Hauteur d'un verre:47.4mm,Matière:Plastique,Forme:Carré,Genre:Femme,Couleur:gris_606060
1562;Longueur des branches:145mm,Largeur d'un verre:55mm,Largeur du pont:19mm,Largeur totale:274mm,Hauteur d'un verre:50.1mm,Matière:Plastique,Forme:Pantos,Genre:Femme,Couleur:marron_582900
1626;Longueur des branches:135mm,Largeur d'un verre:60mm,Largeur du pont:16mm,Largeur totale:271mm,Hauteur d'un verre:51.3mm,Matière:Métal,Forme:Pilote,Genre:Femme,Couleur:marron_582900
1570;Longueur des branches:140mm,Largeur d'un verre:55mm,Largeur du pont:17mm,Largeur totale:267mm,Hauteur d'un verre:50.3mm,Matière:Plastique,Forme:Carré,Genre:Femme,Couleur:marron_582900
1634;Longueur des branches:140mm,Largeur d'un verre:55mm,Largeur du pont:17mm,Largeur totale:267mm,Hauteur d'un verre:50.3mm,Matière:Plastique,Forme:Carré,Genre:Femme,Couleur:gris_606060
1578;Longueur des branches:145mm,Largeur d'un verre:57mm,Largeur du pont:16mm,Largeur totale:275mm,Hauteur d'un verre:50.6mm,Matière:Plastique,Forme:Carré,Genre:Femme,Couleur:gris_606060
1642;Longueur des branches:140mm,Largeur d'un verre:55mm,Largeur du pont:18mm,Largeur totale:268mm,Hauteur d'un verre:51mm,Matière:Métal,Forme:Ronde,Genre:Femme,Couleur:dorée_F6DC12
1586;Longueur des branches:140mm,Largeur d'un verre:55mm,Largeur du pont:18mm,Largeur totale:268mm,Hauteur d'un verre:51mm,Matière:Métal,Forme:Ronde,Genre:Femme,Couleur:gris_606060
1534;Longueur des branches:140mm,Largeur d'un verre:52.2mm,Largeur du pont:21mm,Largeur totale:265.4mm,Hauteur d'un verre:47.3mm,Matière:Plastique,Forme:Ronde,Genre:Femme,Couleur:Violet_660099
1714;Longueur des branches:140mm,Largeur d'un verre:61mm,Largeur du pont:17mm,Largeur totale:279mm,Hauteur d'un verre:56.3mm,Matière:Métal,Forme:Ronde,Genre:Femme,Couleur:marron_582900
1478;Longueur des branches:145mm,Largeur d'un verre:56mm,Largeur du pont:19mm,Largeur totale:276mm,Hauteur d'un verre:46.1mm,Matière:Métal,Forme:Rectangle,Genre:Homme,Couleur:gris_606060
1658;Longueur des branches:135mm,Largeur d'un verre:57mm,Largeur du pont:17mm,Largeur totale:266mm,Hauteur d'un verre:49.9mm,Matière:Métal,Forme:Papillon,Genre:Femme,Couleur:gris_606060
1722;Longueur des branches:140mm,Largeur d'un verre:53mm,Largeur du pont:22mm,Largeur totale:268mm,Hauteur d'un verre:51.8mm,Matière:Plastique,Forme:Carré,Genre:Femme,Couleur:rose_FD6C9E
1486;Longueur des branches:140mm,Largeur d'un verre:55mm,Largeur du pont:18mm,Largeur totale:268mm,Hauteur d'un verre:49.3mm,Matière:Plastique,Forme:Pantos,Genre:Femme,Couleur:rose_FD6C9E
1666;Longueur des branches:145mm,Largeur d'un verre:57mm,Largeur du pont:14mm,Largeur totale:273mm,Hauteur d'un verre:50.9mm,Matière:Titane,Forme:Pilote,Genre:Homme,Couleur:marron_582900
1430;Longueur des branches:125mm,Largeur d'un verre:57mm,Largeur du pont:17mm,Largeur totale:256mm,Hauteur d'un verre:47.2mm,Matière:Métal,Forme:Papillon,Genre:Femme,Couleur:marron_582900
1730;Longueur des branches:125mm,Largeur d'un verre:57mm,Largeur du pont:17mm,Largeur totale:256mm,Hauteur d'un verre:47.2mm,Matière:Métal,Forme:Papillon,Genre:Femme,Couleur:gris_606060
1494;Longueur des branches:130mm,Largeur d'un verre:56mm,Largeur du pont:19mm,Largeur totale:261mm,Hauteur d'un verre:49.6mm,Matière:Plastique,Forme:Papillon,Genre:Femme,Couleur:marron_582900
1674;Longueur des branches:140mm,Largeur d'un verre:53mm,Largeur du pont:19mm,Largeur totale:265mm,Hauteur d'un verre:44.1mm,Matière:Plastique,Forme:Ronde,Genre:Femme,Couleur:gris_606060
1438;Longueur des branches:140mm,Largeur d'un verre:53mm,Largeur du pont:19mm,Largeur totale:265mm,Hauteur d'un verre:44.1mm,Matière:Plastique,Forme:Ronde,Genre:Femme,Couleur:rose_FD6C9E
1738;Longueur des branches:140mm,Largeur d'un verre:55mm,Largeur du pont:17mm,Largeur totale:267mm,Hauteur d'un verre:46.8mm,Matière:Plastique,Forme:Ovale,Genre:Femme,Couleur:marron_582900
1502;Longueur des branches:145mm,Largeur d'un verre:55mm,Largeur du pont:19mm,Largeur totale:274mm,Hauteur d'un verre:48.9mm,Matière:Métal,Forme:Pilote,Genre:Homme,Couleur:gris_606060
1682;Longueur des branches:140mm,Largeur d'un verre:63mm,Largeur du pont:12mm,Largeur totale:276mm,Hauteur d'un verre:52.2mm,Matière:Métal,Forme:Ronde,Genre:Femme,Couleur:rose_FD6C9E
1446;Longueur des branches:140mm,Largeur d'un verre:58mm,Largeur du pont:16mm,Largeur totale:272mm,Hauteur d'un verre:52.6mm,Matière:Métal,Forme:Ovale,Genre:Femme,Couleur:gris_606060
1746;Longueur des branches:140mm,Largeur d'un verre:56mm,Largeur du pont:17mm,Largeur totale:269mm,Hauteur d'un verre:44.3mm,Matière:Plastique,Forme:Papillon,Genre:Femme,Couleur:marron_582900
1510;Longueur des branches:142mm,Largeur d'un verre:60mm,Largeur du pont:17mm,Largeur totale:279mm,Hauteur d'un verre:48mm,Matière:Métal,Forme:Pilote,Genre:Homme,Couleur:Gris_606060
1690;Longueur des branches:135mm,Largeur d'un verre:56mm,Largeur du pont:18mm,Largeur totale:265mm,Hauteur d'un verre:46.8mm,Matière:Plastique,Forme:Carré,Genre:Femme,Couleur:gris_606060
1454;Longueur des branches:140mm,,Largeur du pont:16mm,Largeur totale:156mm,Hauteur d'un verre:mm,Matière:Plastique,Forme:Carré,Genre:Femme,Couleur:marron_582900
1754;Longueur des branches:140mm,Largeur d'un verre:55mm,Largeur du pont:18mm,Largeur totale:268mm,Hauteur d'un verre:49.7mm,Matière:Plastique,Forme:Ronde,Genre:Femme,Couleur:Gris_606060
1518;Longueur des branches:140mm,Largeur d'un verre:53mm,Largeur du pont:20mm,Largeur totale:266mm,Hauteur d'un verre:48.5mm,Matière:Plastique,Forme:Papillon,Genre:Femme,Couleur:Gris_606060
1698;Longueur des branches:130mm,Largeur d'un verre:63mm,Largeur du pont:16mm,Largeur totale:272mm,Hauteur d'un verre:49.2mm,Matière:Métal,Forme:Rectangle,Genre:Homme,Couleur:gris_606060
1462;Longueur des branches:140mm,Largeur d'un verre:57mm,Largeur du pont:17mm,Largeur totale:271mm,Hauteur d'un verre:45.5mm,Matière:Plastique,Forme:Rectangle,Genre:Homme,Couleur:Gris_606060
1526;Longueur des branches:140mm,Largeur d'un verre:57mm,Largeur du pont:16mm,Largeur totale:270mm,Hauteur d'un verre:47.4mm,Matière:Plastique,Forme:Carré,Genre:Femme,Couleur:marron_582900
1706;Longueur des branches:140mm,Largeur d'un verre:56mm,Largeur du pont:17mm,Largeur totale:269mm,Hauteur d'un verre:50.3mm,Matière:Plastique,Forme:Carré,Genre:Femme,Couleur:marron_582900
1470;Longueur des branches:140mm,Largeur d'un verre:57mm,Largeur du pont:17mm,Largeur totale:271mm,Hauteur d'un verre:50.1mm,Matière:Plastique,Forme:Carré,Genre:Femme,Couleur:marron_582900
1653;Longueur des branches:145mm,Largeur d'un verre:53mm,Largeur du pont:22mm,Largeur totale:273mm,Hauteur d'un verre:47.9mm,Matière:Plastique,Forme:Pantos,Genre:Femme,Couleur:gris_606060
1597;Longueur des branches:145mm,Largeur d'un verre:53mm,Largeur du pont:22mm,Largeur totale:273mm,Hauteur d'un verre:47.9mm,Matière:Plastique,Forme:Pantos,Genre:Femme,Couleur:violet_660099
1605;Longueur des branches:145mm,Largeur d'un verre:55mm,Largeur du pont:19mm,Largeur totale:274mm,Hauteur d'un verre:50.1mm,Matière:Plastique,Forme:Pantos,Genre:Femme,Couleur:marron_582900
1549;Longueur des branches:145mm,Largeur d'un verre:71mm,Largeur du pont:21mm,Largeur totale:308mm,Hauteur d'un verre:47mm,Matière:Plastique,Forme:Pantos,Genre:Homme,Couleur:gris_606060
1613;Longueur des branches:140mm,Largeur d'un verre:55mm,Largeur du pont:17mm,Largeur totale:267mm,Hauteur d'un verre:50.3mm,Matière:Plastique,Forme:Carré,Genre:Femme,Couleur:gris_606060
1557;Longueur des branches:140mm,Largeur d'un verre:57mm,Largeur du pont:17mm,Largeur totale:271mm,Hauteur d'un verre:52mm,Matière:Métal,Forme:Ronde,Genre:Femme,Couleur:marron_582900
1621;Longueur des branches:135mm,Largeur d'un verre:55mm,Largeur du pont:18mm,Largeur totale:263mm,Hauteur d'un verre:46.6mm,Matière:Plastique,Forme:Rectangle,Genre:Femme,Couleur:Gris_606060
1565;Longueur des branches:140mm,Largeur d'un verre:55mm,Largeur du pont:18mm,Largeur totale:268mm,Hauteur d'un verre:51mm,Matière:Métal,Forme:Ronde,Genre:Femme,Couleur:gris_606060
1629;Longueur des branches:145mm,Largeur d'un verre:53mm,Largeur du pont:20mm,Largeur totale:271mm,Hauteur d'un verre:49.6mm,Matière:Métal,Forme:Papillon,Genre:Femme,Couleur:marron_582900
1573;Longueur des branches:140mm,Largeur d'un verre:57mm,Largeur du pont:17mm,Largeur totale:271mm,Hauteur d'un verre:49.6mm,Matière:Plastique,Forme:Carré,Genre:Femme,Couleur:Gris_606060
1637;Longueur des branches:140mm,,Largeur du pont:137mm,Largeur totale:277mm,Hauteur d'un verre:mm,Matière:Métal,Forme:Ronde,Genre:Femme,Couleur:gris_606060
1581;Longueur des branches:140mm,,Largeur du pont:137mm,Largeur totale:277mm,Hauteur d'un verre:mm,Matière:Métal,Forme:Ronde,Genre:Femme,Couleur:violet_660099
1645;Longueur des branches:135mm,Largeur d'un verre:57mm,Largeur du pont:17mm,Largeur totale:266mm,Hauteur d'un verre:51.3mm,Matière:Métal,Forme:Papillon,Genre:Femme,Couleur:rose_FD6C9E
1589;Longueur des branches:135mm,Largeur d'un verre:57mm,Largeur du pont:17mm,Largeur totale:266mm,Hauteur d'un verre:51.3mm,Matière:Métal,Forme:Papillon,Genre:Femme,Couleur:marron_582900
1709;Longueur des branches:145mm,Largeur d'un verre:50mm,Largeur du pont:22mm,Largeur totale:267mm,Hauteur d'un verre:49.2mm,Matière:Métal,Forme:Ronde,Genre:Homme,Couleur:marron_582900
1473;Longueur des branches:140mm,Largeur d'un verre:54mm,Largeur du pont:20mm,Largeur totale:268mm,Hauteur d'un verre:45.8mm,Matière:Plastique,Forme:Papillon,Genre:Femme,Couleur:marron_582900
1537;Longueur des branches:140mm,Largeur d'un verre:54mm,Largeur du pont:20mm,Largeur totale:268mm,Hauteur d'un verre:45.8mm,Matière:Plastique,Forme:Papillon,Genre:Femme,Couleur:marron_582900
1717;Longueur des branches:145mm,Largeur d'un verre:60mm,Largeur du pont:14mm,Largeur totale:279mm,Hauteur d'un verre:53.1mm,Matière:Métal,Forme:Pilote,Genre:Homme,Couleur:gris_606060
1481;Longueur des branches:140mm,Largeur d'un verre:57mm,Largeur du pont:16mm,Largeur totale:270mm,Hauteur d'un verre:48.1mm,Matière:Métal,Forme:Ronde,Genre:Femme,Couleur:gris_606060
1661;Longueur des branches:140mm,Largeur d'un verre:57mm,Largeur du pont:16mm,Largeur totale:270mm,Hauteur d'un verre:48.1mm,Matière:Métal,Forme:Ronde,Genre:Femme,Couleur:rose_FD6C9E
1725;Longueur des branches:140mm,Largeur d'un verre:57mm,Largeur du pont:16mm,Largeur totale:270mm,Hauteur d'un verre:48.1mm,Matière:Métal,Forme:Ronde,Genre:Femme,Couleur:marron_582900
1489;Longueur des branches:140mm,Largeur d'un verre:55mm,Largeur du pont:18mm,Largeur totale:268mm,Hauteur d'un verre:52.1mm,Matière:Plastique,Forme:Carré,Genre:Femme,Couleur:gris_606060
1669;Longueur des branches:140mm,Largeur d'un verre:61mm,Largeur du pont:14mm,Largeur totale:276mm,Hauteur d'un verre:51.6mm,Matière:Métal,Forme:Pilote,Genre:Femme,Couleur:gris_606060
1433;Longueur des branches:140mm,Largeur d'un verre:61mm,Largeur du pont:14mm,Largeur totale:276mm,Hauteur d'un verre:51.6mm,Matière:Métal,Forme:Pilote,Genre:Femme,Couleur:violet_660099
1733;Longueur des branches:140mm,Largeur d'un verre:53mm,Largeur du pont:22mm,Largeur totale:268mm,Hauteur d'un verre:51.8mm,Matière:Plastique,Forme:Carré,Genre:Femme,Couleur:violet_660099
1497;Longueur des branches:145mm,Largeur d'un verre:54mm,Largeur du pont:18mm,Largeur totale:271mm,Hauteur d'un verre:49mm,Matière:Plastique,Forme:Papillon,Genre:Femme,Couleur:gris_606060
1677;Longueur des branches:145mm,Largeur d'un verre:54mm,Largeur du pont:18mm,Largeur totale:271mm,Hauteur d'un verre:49mm,Matière:Plastique,Forme:Papillon,Genre:Femme,Couleur:marron_582900
1441;Longueur des branches:145mm,Largeur d'un verre:54mm,Largeur du pont:18mm,Largeur totale:271mm,Hauteur d'un verre:49mm,Matière:Plastique,Forme:Papillon,Genre:Femme,Couleur:gris_606060
1741;Longueur des branches:145mm,Largeur d'un verre:55mm,Largeur du pont:19mm,Largeur totale:274mm,Hauteur d'un verre:45.2mm,Matière:Plastique,Forme:Rectangle,Genre:Homme,Couleur:marron_582900
1505;Longueur des branches:145mm,Largeur d'un verre:53mm,Largeur du pont:20mm,Largeur totale:271mm,Hauteur d'un verre:46mm,Matière:Plastique,Forme:Ronde,Genre:Femme,Couleur:gris_606060
1685;Longueur des branches:140mm,Largeur d'un verre:56mm,Largeur du pont:20mm,Largeur totale:272mm,Hauteur d'un verre:51.4mm,Matière:Plastique,Forme:Carré,Genre:Femme,Couleur:marron_582900
1449;Longueur des branches:140mm,Largeur d'un verre:62mm,Largeur du pont:12mm,Largeur totale:276mm,Hauteur d'un verre:52.2mm,Matière:Métal,Forme:Ronde,Genre:Femme,Couleur:gris_606060
1749;Longueur des branches:145mm,Largeur d'un verre:57mm,Largeur du pont:19mm,Largeur totale:278mm,Hauteur d'un verre:48.6mm,Matière:Titane,Forme:Carré,Genre:Homme,Couleur:gris_606060
1513;Longueur des branches:135mm,Largeur d'un verre:57mm,Largeur du pont:17mm,Largeur totale:266mm,Hauteur d'un verre:49.7mm,Matière:Plastique,Forme:Carré,Genre:Femme,Couleur:Gris_606060
1693;Longueur des branches:135mm,Largeur d'un verre:59mm,Largeur du pont:16mm,Largeur totale:269mm,Hauteur d'un verre:53.4mm,Matière:Métal,Forme:Carré,Genre:Femme,Couleur:marron_582900
1457;Longueur des branches:135mm,Largeur d'un verre:56mm,Largeur du pont:18mm,Largeur totale:265mm,Hauteur d'un verre:46.8mm,Matière:Plastique,Forme:Carré,Genre:Femme,Couleur:marron_582900
1757;Longueur des branches:135mm,Largeur d'un verre:54.1mm,Largeur du pont:19mm,Largeur totale:262.2mm,Hauteur d'un verre:45.2mm,Matière:Plastique,Forme:Papillon,Genre:Femme,Couleur:gris_606060
1521;Longueur des branches:135mm,Largeur d'un verre:54.1mm,Largeur du pont:19mm,Largeur totale:262.2mm,Hauteur d'un verre:45.2mm,Matière:Plastique,Forme:Papillon,Genre:Femme,Couleur:gris_606060
1701;Longueur des branches:140mm,Largeur d'un verre:61mm,Largeur du pont:13mm,Largeur totale:275mm,Hauteur d'un verre:53.4mm,Matière:Métal,Forme:Pilote,Genre:Femme,Couleur:gris_606060
1465;Longueur des branches:145mm,Largeur d'un verre:60mm,Largeur du pont:14mm,Largeur totale:279mm,Hauteur d'un verre:47.4mm,Matière:Métal,Forme:Pilote,Genre:Homme,Couleur:marron_582900
1592;Longueur des branches:140mm,Largeur d'un verre:56mm,Largeur du pont:17mm,Largeur totale:269mm,Hauteur d'un verre:44.9mm,Matière:Plastique,Forme:Papillon,Genre:Femme,Couleur:gris_606060
1600;Longueur des branches:135mm,Largeur d'un verre:57mm,Largeur du pont:17mm,Largeur totale:266mm,Hauteur d'un verre:47.4mm,Matière:Plastique,Forme:Papillon,Genre:Femme,Couleur:Gris_606060
1544;Longueur des branches:135mm,Largeur d'un verre:57mm,Largeur du pont:17mm,Largeur totale:266mm,Hauteur d'un verre:47.4mm,Matière:Plastique,Forme:Papillon,Genre:Femme,Couleur:violet_660099
1608;Longueur des branches:135mm,Largeur d'un verre:58mm,Largeur du pont:18mm,Largeur totale:269mm,Hauteur d'un verre:50.5mm,Matière:Métal,Forme:Papillon,Genre:Femme,Couleur:marron_582900
1552;Longueur des branches:135mm,Largeur d'un verre:58mm,Largeur du pont:18mm,Largeur totale:269mm,Hauteur d'un verre:50.5mm,Matière:Métal,Forme:Papillon,Genre:Femme,Couleur:violet_660099
1616;Longueur des branches:140mm,Largeur d'un verre:56mm,Largeur du pont:17mm,Largeur totale:269mm,Hauteur d'un verre:48.3mm,Matière:Métal,Forme:Pantos,Genre:Femme,Couleur:rose_FD6C9E
1560;Longueur des branches:140mm,Largeur d'un verre:56mm,Largeur du pont:17mm,Largeur totale:269mm,Hauteur d'un verre:48.3mm,Matière:Métal,Forme:Pantos,Genre:Femme,Couleur:gris_606060
1624;Longueur des branches:140mm,Largeur d'un verre:57mm,Largeur du pont:17mm,Largeur totale:271mm,Hauteur d'un verre:45.5mm,Matière:Plastique,Forme:Rectangle,Genre:Homme,Couleur:marron_582900
1568;Longueur des branches:140mm,Largeur d'un verre:57mm,Largeur du pont:17mm,Largeur totale:271mm,Hauteur d'un verre:45.5mm,Matière:Plastique,Forme:Rectangle,Genre:Homme,Couleur:vert_00FF00
1632;Longueur des branches:140mm,Largeur d'un verre:57mm,Largeur du pont:17mm,Largeur totale:271mm,Hauteur d'un verre:45.5mm,Matière:Plastique,Forme:Rectangle,Genre:Homme,Couleur:gris_606060
1576;Longueur des branches:145mm,Largeur d'un verre:57mm,Largeur du pont:18mm,Largeur totale:277mm,Hauteur d'un verre:42.4mm,Matière:Plastique,Forme:Carré,Genre:Homme,Couleur:marron_582900
1640;Longueur des branches:140mm,Largeur d'un verre:57mm,Largeur du pont:17mm,Largeur totale:271mm,Hauteur d'un verre:50.1mm,Matière:Plastique,Forme:Carré,Genre:Femme,Couleur:marron_582900
1584;Longueur des branches:140mm,Largeur d'un verre:55mm,Largeur du pont:16mm,Largeur totale:266mm,Hauteur d'un verre:43.2mm,Matière:Plastique,Forme:Papillon,Genre:Femme,Couleur:marron_582900
1648;Longueur des branches:140mm,Largeur d'un verre:55mm,Largeur du pont:16mm,Largeur totale:266mm,Hauteur d'un verre:43.2mm,Matière:Plastique,Forme:Papillon,Genre:Femme,Couleur:gris_606060
1532;Longueur des branches:150mm,Largeur d'un verre:54mm,Largeur du pont:20mm,Largeur totale:278mm,Hauteur d'un verre:53.9mm,Matière:Métal,Forme:Ronde,Genre:Femme,Couleur:orange_ED7F10
1712;Longueur des branches:150mm,Largeur d'un verre:54mm,Largeur du pont:20mm,Largeur totale:278mm,Hauteur d'un verre:53.9mm,Matière:Métal,Forme:Ronde,Genre:Femme,Couleur:rose_FD6C9E
1476;Longueur des branches:135mm,Largeur d'un verre:55mm,Largeur du pont:18mm,Largeur totale:263mm,Hauteur d'un verre:46.6mm,Matière:Plastique,Forme:Rectangle,Genre:Femme,Couleur:marron_582900
1656;Longueur des branches:140mm,Largeur d'un verre:55mm,Largeur du pont:18mm,Largeur totale:268mm,Hauteur d'un verre:51mm,Matière:Métal,Forme:Ronde,Genre:Femme,Couleur:violet_660099
1540;Longueur des branches:145mm,Largeur d'un verre:53mm,Largeur du pont:20mm,Largeur totale:271mm,Hauteur d'un verre:49.6mm,Matière:Métal,Forme:Papillon,Genre:Femme,Couleur:gris_606060
1720;Longueur des branches:140mm,Largeur d'un verre:52.2mm,Largeur du pont:21mm,Largeur totale:265.4mm,Hauteur d'un verre:47.3mm,Matière:Plastique,Forme:Ronde,Genre:Femme,Couleur:gris_606060
1484;Longueur des branches:140mm,,Largeur du pont:137mm,Largeur totale:277mm,Hauteur d'un verre:mm,Matière:Métal,Forme:Ronde,Genre:Femme,Couleur:gris_606060
1664;Longueur des branches:140mm,Largeur d'un verre:55mm,Largeur du pont:19mm,Largeur totale:269mm,Hauteur d'un verre:48mm,Matière:Plastique,Forme:Papillon,Genre:Femme,Couleur:marron_582900
1428;Longueur des branches:140mm,Largeur d'un verre:58.5mm,Largeur du pont:15mm,Largeur totale:272mm,Hauteur d'un verre:50.2mm,Matière:Métal,Forme:Ronde,Genre:Femme,Couleur:gris_606060
1728;Longueur des branches:140mm,Largeur d'un verre:61mm,Largeur du pont:17mm,Largeur totale:279mm,Hauteur d'un verre:56.3mm,Matière:Métal,Forme:Ronde,Genre:Femme,Couleur:gris_606060
1492;Longueur des branches:140mm,Largeur d'un verre:57mm,Largeur du pont:17mm,Largeur totale:271mm,Hauteur d'un verre:49.6mm,Matière:Plastique,Forme:Carré,Genre:Femme,Couleur:marron_582900
1672;Longueur des branches:145mm,Largeur d'un verre:60mm,Largeur du pont:14mm,Largeur totale:279mm,Hauteur d'un verre:53.1mm,Matière:Métal,Forme:Pilote,Genre:Homme,Couleur:gris_606060
1436;Longueur des branches:135mm,Largeur d'un verre:60.8mm,Largeur du pont:15mm,Largeur totale:271.6mm,Hauteur d'un verre:55.1mm,Matière:Métal,Forme:Ovale,Genre:Femme,Couleur:marron_582900
1736;Longueur des branches:140mm,Largeur d'un verre:55mm,Largeur du pont:19mm,Largeur totale:269mm,Hauteur d'un verre:47.3mm,Matière:Plastique,Forme:Carré,Genre:Homme,Couleur:vert_00FF00
1500;Longueur des branches:130mm,Largeur d'un verre:56mm,Largeur du pont:19mm,Largeur totale:261mm,Hauteur d'un verre:49.6mm,Matière:Plastique,Forme:Papillon,Genre:Femme,Couleur:marron_582900
1680;Longueur des branches:140mm,Largeur d'un verre:57mm,Largeur du pont:17mm,Largeur totale:271mm,Hauteur d'un verre:48.5mm,Matière:Métal,Forme:Ronde,Genre:Femme,Couleur:violet_660099
1444;Longueur des branches:140mm,Largeur d'un verre:55mm,Largeur du pont:18mm,Largeur totale:268mm,Hauteur d'un verre:50.5mm,Matière:Plastique,Forme:Ronde,Genre:Femme,Couleur:gris_606060
1744;Longueur des branches:140mm,Largeur d'un verre:53mm,Largeur du pont:19mm,Largeur totale:265mm,Hauteur d'un verre:44.1mm,Matière:Plastique,Forme:Ronde,Genre:Femme,Couleur:orange_ED7F10
1508;Longueur des branches:145mm,Largeur d'un verre:55mm,Largeur du pont:19mm,Largeur totale:274mm,Hauteur d'un verre:45.2mm,Matière:Plastique,Forme:Rectangle,Genre:Homme,Couleur:gris_606060
1688;Longueur des branches:145mm,Largeur d'un verre:53mm,Largeur du pont:20mm,Largeur totale:271mm,Hauteur d'un verre:46mm,Matière:Plastique,Forme:Ronde,Genre:Femme,Couleur:gris_606060
1452;Longueur des branches:135mm,Largeur d'un verre:59mm,Largeur du pont:17mm,Largeur totale:270mm,Hauteur d'un verre:51.4mm,Matière:Métal,Forme:Ovale,Genre:Femme,Couleur:marron_582900
1752;Longueur des branches:145mm,Largeur d'un verre:55mm,Largeur du pont:19mm,Largeur totale:274mm,Hauteur d'un verre:48.9mm,Matière:Métal,Forme:Pilote,Genre:Homme,Couleur:gris_606060
1516;Longueur des branches:145mm,Largeur d'un verre:55mm,Largeur du pont:19mm,Largeur totale:274mm,Hauteur d'un verre:48.9mm,Matière:Métal,Forme:Pilote,Genre:Homme,Couleur:gris_606060
1696;Longueur des branches:140mm,Largeur d'un verre:62mm,Largeur du pont:16mm,Largeur totale:280mm,Hauteur d'un verre:51.9mm,Matière:Métal,Forme:Ronde,Genre:Femme,Couleur:marron_582900
1460;Longueur des branches:145mm,Largeur d'un verre:57mm,Largeur du pont:19mm,Largeur totale:278mm,Hauteur d'un verre:48.6mm,Matière:Titane,Forme:Carré,Genre:Homme,Couleur:gris_606060
1760;Longueur des branches:145mm,Largeur d'un verre:57mm,Largeur du pont:19mm,Largeur totale:278mm,Hauteur d'un verre:48.6mm,Matière:Titane,Forme:Carré,Genre:Homme,Couleur:marron_582900
1524;Longueur des branches:145mm,Largeur d'un verre:53mm,Largeur du pont:19mm,Largeur totale:270mm,Hauteur d'un verre:46mm,Matière:Plastique,Forme:Ovale,Genre:Femme,Couleur:marron_582900
1704;Longueur des branches:140mm,Largeur d'un verre:57mm,Largeur du pont:15mm,Largeur totale:269mm,Hauteur d'un verre:48.9mm,Matière:Plastique,Forme:Papillon,Genre:Femme,Couleur:gris_606060
1468;Longueur des branches:140mm,Largeur d'un verre:54mm,Largeur du pont:20mm,Largeur totale:268mm,Hauteur d'un verre:42.2mm,Matière:Plastique,Forme:Papillon,Genre:Femme,Couleur:gris_606060
1651;Longueur des branches:145mm,Largeur d'un verre:60mm,Largeur du pont:14mm,Largeur totale:279mm,Hauteur d'un verre:47.4mm,Matière:Métal,Forme:Pilote,Genre:Homme,Couleur:gris_606060
1595;Longueur des branches:140mm,Largeur d'un verre:56mm,Largeur du pont:17mm,Largeur totale:269mm,Hauteur d'un verre:44.9mm,Matière:Plastique,Forme:Papillon,Genre:Femme,Couleur:Gris_606060
1603;Longueur des branches:140mm,Largeur d'un verre:57mm,Largeur du pont:16mm,Largeur totale:270mm,Hauteur d'un verre:53.7mm,Matière:Plastique,Forme:Papillon,Genre:Femme,Couleur:marron_582900
1547;Longueur des branches:140mm,Largeur d'un verre:56mm,Largeur du pont:17mm,Largeur totale:269mm,Hauteur d'un verre:48.3mm,Matière:Métal,Forme:Pantos,Genre:Femme,Couleur:marron_582900
1611;Longueur des branches:140mm,Largeur d'un verre:56mm,Largeur du pont:17mm,Largeur totale:269mm,Hauteur d'un verre:48.3mm,Matière:Métal,Forme:Pantos,Genre:Femme,Couleur:marron_582900
1555;Longueur des branches:135mm,Largeur d'un verre:57.1mm,Largeur du pont:15mm,Largeur totale:264.2mm,Hauteur d'un verre:48.5mm,Matière:Plastique,Forme:Papillon,Genre:Femme,Couleur:Gris_606060
1619;Longueur des branches:135mm,Largeur d'un verre:57.1mm,Largeur du pont:15mm,Largeur totale:264.2mm,Hauteur d'un verre:48.5mm,Matière:Plastique,Forme:Papillon,Genre:Femme,Couleur:marron_582900
1563;Longueur des branches:135mm,Largeur d'un verre:57.1mm,Largeur du pont:15mm,Largeur totale:264.2mm,Hauteur d'un verre:48.5mm,Matière:Plastique,Forme:Papillon,Genre:Femme,Couleur:marron_582900
1627;Longueur des branches:140mm,Largeur d'un verre:55mm,Largeur du pont:17mm,Largeur totale:267mm,Hauteur d'un verre:49.6mm,Matière:Plastique,Forme:Carré,Genre:Femme,Couleur:gris_606060
1571;Longueur des branches:140mm,Largeur d'un verre:55mm,Largeur du pont:16mm,Largeur totale:266mm,Hauteur d'un verre:43.2mm,Matière:Plastique,Forme:Papillon,Genre:Femme,Couleur:gris_606060
1635;Longueur des branches:140mm,Largeur d'un verre:57mm,Largeur du pont:17mm,Largeur totale:271mm,Hauteur d'un verre:52mm,Matière:Métal,Forme:Ronde,Genre:Femme,Couleur:bleu_0000FF
1579;Longueur des branches:150mm,Largeur d'un verre:54mm,Largeur du pont:20mm,Largeur totale:278mm,Hauteur d'un verre:53.9mm,Matière:Métal,Forme:Ronde,Genre:Femme,Couleur:gris_606060
1643;Longueur des branches:140mm,Largeur d'un verre:55mm,Largeur du pont:18mm,Largeur totale:268mm,Hauteur d'un verre:51mm,Matière:Métal,Forme:Ronde,Genre:Femme,Couleur:gris_606060
1587;Longueur des branches:145mm,Largeur d'un verre:53mm,Largeur du pont:20mm,Largeur totale:271mm,Hauteur d'un verre:49.6mm,Matière:Métal,Forme:Papillon,Genre:Femme,Couleur:gris_606060
1535;Longueur des branches:140mm,Largeur d'un verre:52.2mm,Largeur du pont:21mm,Largeur totale:265.4mm,Hauteur d'un verre:47.3mm,Matière:Plastique,Forme:Ronde,Genre:Femme,Couleur:gris_606060
1715;Longueur des branches:140mm,Largeur d'un verre:55mm,Largeur du pont:19mm,Largeur totale:269mm,Hauteur d'un verre:48mm,Matière:Plastique,Forme:Papillon,Genre:Femme,Couleur:gris_606060
1479;Longueur des branches:145mm,Largeur d'un verre:60mm,Largeur du pont:15mm,Largeur totale:280mm,Hauteur d'un verre:49.4mm,Matière:Métal,Forme:Rectangle,Genre:Homme,Couleur:gris_606060
1659;Longueur des branches:140mm,Largeur d'un verre:58.5mm,Largeur du pont:15mm,Largeur totale:272mm,Hauteur d'un verre:50.2mm,Matière:Métal,Forme:Ronde,Genre:Femme,Couleur:Violet_660099
1723;Longueur des branches:140mm,Largeur d'un verre:61mm,Largeur du pont:17mm,Largeur totale:279mm,Hauteur d'un verre:56.3mm,Matière:Métal,Forme:Ronde,Genre:Femme,Couleur:violet_660099
1487;Longueur des branches:140mm,Largeur d'un verre:61mm,Largeur du pont:17mm,Largeur totale:279mm,Hauteur d'un verre:56.3mm,Matière:Métal,Forme:Ronde,Genre:Femme,Couleur:marron_582900
1667;Longueur des branches:145mm,Largeur d'un verre:50mm,Largeur du pont:22mm,Largeur totale:267mm,Hauteur d'un verre:49.2mm,Matière:Métal,Forme:Ronde,Genre:Homme,Couleur:gris_606060
1431;Longueur des branches:140mm,Largeur d'un verre:54mm,Largeur du pont:20mm,Largeur totale:268mm,Hauteur d'un verre:45.8mm,Matière:Plastique,Forme:Papillon,Genre:Femme,Couleur:gris_606060
1731;Longueur des branches:140mm,Largeur d'un verre:55mm,Largeur du pont:18mm,Largeur totale:268mm,Hauteur d'un verre:52.1mm,Matière:Plastique,Forme:Carré,Genre:Femme,Couleur:gris_606060
1495;Longueur des branches:140mm,Largeur d'un verre:57mm,Largeur du pont:18mm,Largeur totale:272mm,Hauteur d'un verre:51.2mm,Matière:Plastique,Forme:Papillon,Genre:Femme,Couleur:gris_606060
1675;Longueur des branches:140mm,Largeur d'un verre:57mm,Largeur du pont:18mm,Largeur totale:272mm,Hauteur d'un verre:51.2mm,Matière:Plastique,Forme:Papillon,Genre:Femme,Couleur:marron_582900
1439;Longueur des branches:135mm,Largeur d'un verre:60.8mm,Largeur du pont:15mm,Largeur totale:271.6mm,Hauteur d'un verre:55.1mm,Matière:Métal,Forme:Ovale,Genre:Femme,Couleur:rose_FD6C9E
1739;Longueur des branches:135mm,Largeur d'un verre:60.8mm,Largeur du pont:15mm,Largeur totale:271.6mm,Hauteur d'un verre:55.1mm,Matière:Métal,Forme:Ovale,Genre:Femme,Couleur:rose_FD6C9E
1503;Longueur des branches:135mm,Largeur d'un verre:60.8mm,Largeur du pont:15mm,Largeur totale:271.6mm,Hauteur d'un verre:55.1mm,Matière:Métal,Forme:Ovale,Genre:Femme,Couleur:rose_FD6C9E
1683;Longueur des branches:140mm,Largeur d'un verre:53mm,Largeur du pont:22mm,Largeur totale:268mm,Hauteur d'un verre:51.8mm,Matière:Plastique,Forme:Carré,Genre:Femme,Couleur:marron_582900
1447;Longueur des branches:140mm,Largeur d'un verre:59mm,Largeur du pont:17mm,Largeur totale:275mm,Hauteur d'un verre:53.5mm,Matière:Métal,Forme:Ronde,Genre:Femme,Couleur:gris_606060
1747;Longueur des branches:140mm,Largeur d'un verre:54mm,Largeur du pont:20mm,Largeur totale:268mm,Hauteur d'un verre:45mm,Matière:Métal,Forme:Papillon,Genre:Femme,Couleur:gris_606060
1511;Longueur des branches:140mm,Largeur d'un verre:53mm,Largeur du pont:19mm,Largeur totale:265mm,Hauteur d'un verre:44.1mm,Matière:Plastique,Forme:Ronde,Genre:Femme,Couleur:gris_606060
1691;Longueur des branches:140mm,Largeur d'un verre:55mm,Largeur du pont:18mm,Largeur totale:268mm,Hauteur d'un verre:50.5mm,Matière:Plastique,Forme:Ronde,Genre:Femme,Couleur:gris_606060
1455;Longueur des branches:140mm,Largeur d'un verre:62mm,Largeur du pont:16mm,Largeur totale:280mm,Hauteur d'un verre:57.7mm,Matière:Métal,Forme:Carré,Genre:Femme,Couleur:marron_582900
1755;Longueur des branches:140mm,Largeur d'un verre:62mm,Largeur du pont:16mm,Largeur totale:280mm,Hauteur d'un verre:57.7mm,Matière:Métal,Forme:Carré,Genre:Femme,Couleur:gris_606060
1519;Longueur des branches:140mm,Largeur d'un verre:55mm,Largeur du pont:17mm,Largeur totale:267mm,Hauteur d'un verre:46.8mm,Matière:Plastique,Forme:Ovale,Genre:Femme,Couleur:marron_582900
1699;Longueur des branches:145mm,Largeur d'un verre:53mm,Largeur du pont:20mm,Largeur totale:271mm,Hauteur d'un verre:46mm,Matière:Plastique,Forme:Ronde,Genre:Femme,Couleur:marron_582900
1463;Longueur des branches:140mm,Largeur d'un verre:56mm,Largeur du pont:20mm,Largeur totale:272mm,Hauteur d'un verre:51.4mm,Matière:Plastique,Forme:Carré,Genre:Femme,Couleur:gris_606060
1527;Longueur des branches:135mm,Largeur d'un verre:59mm,Largeur du pont:17mm,Largeur totale:270mm,Hauteur d'un verre:51.4mm,Matière:Métal,Forme:Ovale,Genre:Femme,Couleur:rose_FD6C9E
1707;Longueur des branches:140mm,Largeur d'un verre:62mm,Largeur du pont:16mm,Largeur totale:280mm,Hauteur d'un verre:51.9mm,Matière:Métal,Forme:Ronde,Genre:Femme,Couleur:gris_606060
1471;Longueur des branches:140mm,Largeur d'un verre:58mm,Largeur du pont:16mm,Largeur totale:272mm,Hauteur d'un verre:52.6mm,Matière:Métal,Forme:Ovale,Genre:Femme,Couleur:gris_606060
1654;Longueur des branches:145mm,Largeur d'un verre:53mm,Largeur du pont:19mm,Largeur totale:270mm,Hauteur d'un verre:46mm,Matière:Plastique,Forme:Ovale,Genre:Femme,Couleur:gris_606060
1598;Longueur des branches:140mm,Largeur d'un verre:56mm,Largeur du pont:17mm,Largeur totale:269mm,Hauteur d'un verre:44.3mm,Matière:Plastique,Forme:Papillon,Genre:Femme,Couleur:gris_606060
1542;Longueur des branches:140mm,Largeur d'un verre:56mm,Largeur du pont:17mm,Largeur totale:269mm,Hauteur d'un verre:44.3mm,Matière:Plastique,Forme:Papillon,Genre:Femme,Couleur:jaune_FFFF00
1606;Longueur des branches:140mm,Largeur d'un verre:58mm,Largeur du pont:17mm,Largeur totale:273mm,Hauteur d'un verre:43.6mm,Matière:Métal,Forme:Rectangle,Genre:Homme,Couleur:gris_606060
1550;Longueur des branches:135mm,Largeur d'un verre:59mm,Largeur du pont:16mm,Largeur totale:269mm,Hauteur d'un verre:48.9mm,Matière:Plastique,Forme:Pilote,Genre:Homme,Couleur:gris_606060
1614;Longueur des branches:145mm,Largeur d'un verre:60mm,Largeur du pont:14mm,Largeur totale:279mm,Hauteur d'un verre:48.4mm,Matière:Titane,Forme:Ronde,Genre:Homme,Couleur:gris_606060
1558;Longueur des branches:140mm,Largeur d'un verre:56mm,Largeur du pont:18mm,Largeur totale:270mm,Hauteur d'un verre:48.9mm,Matière:Plastique,Forme:Pantos,Genre:Femme,Couleur:Gris_606060
1622;Longueur des branches:135mm,Largeur d'un verre:57mm,Largeur du pont:16mm,Largeur totale:265mm,Hauteur d'un verre:52.6mm,Matière:Métal,Forme:Carré,Genre:Femme,Couleur:gris_606060
1566;Longueur des branches:140mm,Largeur d'un verre:59mm,Largeur du pont:13mm,Largeur totale:271mm,Hauteur d'un verre:51.4mm,Matière:Métal,Forme:Pilote,Genre:Homme,Couleur:gris_606060
1630;Longueur des branches:135mm,Largeur d'un verre:57.1mm,Largeur du pont:15mm,Largeur totale:264.2mm,Hauteur d'un verre:48.5mm,Matière:Plastique,Forme:Papillon,Genre:Femme,Couleur:marron_582900
1574;Longueur des branches:135mm,Largeur d'un verre:58mm,Largeur du pont:18mm,Largeur totale:269mm,Hauteur d'un verre:50.5mm,Matière:Métal,Forme:Papillon,Genre:Femme,Couleur:marron_582900
1638;Longueur des branches:135mm,Largeur d'un verre:58mm,Largeur du pont:18mm,Largeur totale:269mm,Hauteur d'un verre:50.5mm,Matière:Métal,Forme:Papillon,Genre:Femme,Couleur:gris_606060
1582;Longueur des branches:140mm,Largeur d'un verre:57mm,Largeur du pont:16mm,Largeur totale:270mm,Hauteur d'un verre:53.7mm,Matière:Plastique,Forme:Papillon,Genre:Femme,Couleur:gris_606060
1646;Longueur des branches:140mm,Largeur d'un verre:56mm,Largeur du pont:17mm,Largeur totale:269mm,Hauteur d'un verre:48.3mm,Matière:Métal,Forme:Pantos,Genre:Femme,Couleur:gris_606060
1590;Longueur des branches:140mm,Largeur d'un verre:56mm,Largeur du pont:17mm,Largeur totale:269mm,Hauteur d'un verre:48.3mm,Matière:Métal,Forme:Pantos,Genre:Femme,Couleur:bleu_0000FF
1710;Longueur des branches:140mm,Largeur d'un verre:57mm,Largeur du pont:17mm,Largeur totale:271mm,Hauteur d'un verre:46.6mm,Matière:Plastique,Forme:Carré,Genre:Femme,Couleur:Gris_606060
1474;Longueur des branches:140mm,Largeur d'un verre:53mm,Largeur du pont:20mm,Largeur totale:266mm,Hauteur d'un verre:48.5mm,Matière:Plastique,Forme:Papillon,Genre:Femme,Couleur:marron_582900
1538;Longueur des branches:135mm,Largeur d'un verre:57.1mm,Largeur du pont:15mm,Largeur totale:264.2mm,Hauteur d'un verre:48.5mm,Matière:Plastique,Forme:Papillon,Genre:Femme,Couleur:rose_FD6C9E
1718;Longueur des branches:140mm,Largeur d'un verre:55mm,Largeur du pont:17mm,Largeur totale:267mm,Hauteur d'un verre:49.6mm,Matière:Plastique,Forme:Carré,Genre:Femme,Couleur:marron_582900
1482;Longueur des branches:145mm,Largeur d'un verre:53mm,Largeur du pont:22mm,Largeur totale:273mm,Hauteur d'un verre:47.9mm,Matière:Plastique,Forme:Pantos,Genre:Femme,Couleur:gris_606060
1662;Longueur des branches:135mm,Largeur d'un verre:60mm,Largeur du pont:16mm,Largeur totale:271mm,Hauteur d'un verre:51.3mm,Matière:Métal,Forme:Pilote,Genre:Femme,Couleur:gris_606060
1726;Longueur des branches:145mm,Largeur d'un verre:57mm,Largeur du pont:16mm,Largeur totale:275mm,Hauteur d'un verre:50.6mm,Matière:Plastique,Forme:Carré,Genre:Femme,Couleur:Gris_606060
1490;Longueur des branches:145mm,Largeur d'un verre:53mm,Largeur du pont:20mm,Largeur totale:271mm,Hauteur d'un verre:49.6mm,Matière:Métal,Forme:Papillon,Genre:Femme,Couleur:gris_606060
1670;Longueur des branches:140mm,Largeur d'un verre:57mm,Largeur du pont:17mm,Largeur totale:271mm,Hauteur d'un verre:49.6mm,Matière:Plastique,Forme:Carré,Genre:Femme,Couleur:marron_582900
1434;Longueur des branches:140mm,Largeur d'un verre:55mm,Largeur du pont:19mm,Largeur totale:269mm,Hauteur d'un verre:48mm,Matière:Plastique,Forme:Papillon,Genre:Femme,Couleur:gris_606060
1734;Longueur des branches:145mm,Largeur d'un verre:60mm,Largeur du pont:15mm,Largeur totale:280mm,Hauteur d'un verre:49.4mm,Matière:Métal,Forme:Rectangle,Genre:Homme,Couleur:gris_606060
1498;Longueur des branches:140mm,Largeur d'un verre:58.5mm,Largeur du pont:15mm,Largeur totale:272mm,Hauteur d'un verre:50.2mm,Matière:Métal,Forme:Ronde,Genre:Femme,Couleur:gris_606060
1678;Longueur des branches:135mm,Largeur d'un verre:57mm,Largeur du pont:17mm,Largeur totale:266mm,Hauteur d'un verre:51.3mm,Matière:Métal,Forme:Papillon,Genre:Femme,Couleur:gris_606060
1442;Longueur des branches:145mm,Largeur d'un verre:50mm,Largeur du pont:22mm,Largeur totale:267mm,Hauteur d'un verre:49.2mm,Matière:Métal,Forme:Ronde,Genre:Homme,Couleur:gris_606060
1742;Longueur des branches:135mm,Largeur d'un verre:57mm,Largeur du pont:17mm,Largeur totale:266mm,Hauteur d'un verre:49.9mm,Matière:Métal,Forme:Papillon,Genre:Femme,Couleur:marron_582900
1506;Longueur des branches:140mm,Largeur d'un verre:57mm,Largeur du pont:17mm,Largeur totale:271mm,Hauteur d'un verre:49.6mm,Matière:Plastique,Forme:Carré,Genre:Femme,Couleur:violet_660099
1686;Longueur des branches:140mm,Largeur d'un verre:57mm,Largeur du pont:16mm,Largeur totale:270mm,Hauteur d'un verre:48.1mm,Matière:Métal,Forme:Ronde,Genre:Femme,Couleur:orange_ED7F10
1450;Longueur des branches:140mm,Largeur d'un verre:55mm,Largeur du pont:18mm,Largeur totale:268mm,Hauteur d'un verre:52.1mm,Matière:Plastique,Forme:Carré,Genre:Femme,Couleur:rose_FD6C9E
1750;Longueur des branches:140mm,Largeur d'un verre:57mm,Largeur du pont:18mm,Largeur totale:272mm,Hauteur d'un verre:51.2mm,Matière:Plastique,Forme:Papillon,Genre:Femme,Couleur:gris_606060
1514;Longueur des branches:140mm,Largeur d'un verre:55mm,Largeur du pont:19mm,Largeur totale:269mm,Hauteur d'un verre:47.3mm,Matière:Plastique,Forme:Carré,Genre:Homme,Couleur:gris_606060
1694;Longueur des branches:145mm,Largeur d'un verre:57mm,Largeur du pont:14mm,Largeur totale:273mm,Hauteur d'un verre:50.9mm,Matière:Titane,Forme:Pilote,Genre:Homme,Couleur:gris_606060
1458;Longueur des branches:125mm,Largeur d'un verre:57mm,Largeur du pont:17mm,Largeur totale:256mm,Hauteur d'un verre:47.2mm,Matière:Métal,Forme:Papillon,Genre:Femme,Couleur:gris_606060
1758;Longueur des branches:130mm,Largeur d'un verre:56mm,Largeur du pont:19mm,Largeur totale:261mm,Hauteur d'un verre:49.6mm,Matière:Plastique,Forme:Papillon,Genre:Femme,Couleur:gris_606060
1522;Longueur des branches:140mm,Largeur d'un verre:57mm,Largeur du pont:17mm,Largeur totale:271mm,Hauteur d'un verre:48.5mm,Matière:Métal,Forme:Ronde,Genre:Femme,Couleur:gris_606060
1702;Longueur des branches:140mm,Largeur d'un verre:62mm,Largeur du pont:16mm,Largeur totale:280mm,Hauteur d'un verre:57.7mm,Matière:Métal,Forme:Carré,Genre:Femme,Couleur:violet_660099
1466;Longueur des branches:140mm,Largeur d'un verre:55mm,Largeur du pont:17mm,Largeur totale:267mm,Hauteur d'un verre:46.8mm,Matière:Plastique,Forme:Ovale,Genre:Femme,Couleur:gris_606060
1593;Longueur des branches:145mm,Largeur d'un verre:55mm,Largeur du pont:19mm,Largeur totale:274mm,Hauteur d'un verre:45.2mm,Matière:Plastique,Forme:Rectangle,Genre:Homme,Couleur:gris_606060
1601;Longueur des branches:135mm,Largeur d'un verre:59mm,Largeur du pont:17mm,Largeur totale:270mm,Hauteur d'un verre:51.4mm,Matière:Métal,Forme:Ovale,Genre:Femme,Couleur:gris_606060
1545;Longueur des branches:140mm,Largeur d'un verre:62mm,Largeur du pont:16mm,Largeur totale:280mm,Hauteur d'un verre:51.9mm,Matière:Métal,Forme:Ronde,Genre:Femme,Couleur:gris_606060
1609;Longueur des branches:140mm,Largeur d'un verre:58mm,Largeur du pont:16mm,Largeur totale:272mm,Hauteur d'un verre:52.6mm,Matière:Métal,Forme:Ovale,Genre:Femme,Couleur:violet_660099
1553;Longueur des branches:145mm,Largeur d'un verre:53mm,Largeur du pont:19mm,Largeur totale:270mm,Hauteur d'un verre:46mm,Matière:Plastique,Forme:Ovale,Genre:Femme,Couleur:gris_606060
1617;Longueur des branches:135mm,Largeur d'un verre:60mm,Largeur du pont:16mm,Largeur totale:271mm,Hauteur d'un verre:51.2mm,Matière:Métal,Forme:Pilote,Genre:Femme,Couleur:violet_660099
1561;Longueur des branches:135mm,Largeur d'un verre:57mm,Largeur du pont:17mm,Largeur totale:266mm,Hauteur d'un verre:49.7mm,Matière:Plastique,Forme:Carré,Genre:Femme,Couleur:Gris_606060
1625;Longueur des branches:135mm,Largeur d'un verre:54.1mm,Largeur du pont:19mm,Largeur totale:262.2mm,Hauteur d'un verre:45.2mm,Matière:Plastique,Forme:Papillon,Genre:Femme,Couleur:marron_582900
1569;Longueur des branches:140mm,Largeur d'un verre:60mm,Largeur du pont:15mm,Largeur totale:275mm,Hauteur d'un verre:54mm,Matière:Métal,Forme:Pilote,Genre:Homme,Couleur:marron_582900
1633;Longueur des branches:145mm,Largeur d'un verre:60mm,Largeur du pont:14mm,Largeur totale:279mm,Hauteur d'un verre:47.4mm,Matière:Métal,Forme:Pilote,Genre:Homme,Couleur:gris_606060
1577;Longueur des branches:140mm,Largeur d'un verre:56mm,Largeur du pont:18mm,Largeur totale:270mm,Hauteur d'un verre:48.9mm,Matière:Plastique,Forme:Pantos,Genre:Femme,Couleur:gris_606060
1641;Longueur des branches:140mm,Largeur d'un verre:57mm,Largeur du pont:16mm,Largeur totale:270mm,Hauteur d'un verre:53.7mm,Matière:Plastique,Forme:Papillon,Genre:Femme,Couleur:gris_606060
1585;Longueur des branches:140mm,Largeur d'un verre:56mm,Largeur du pont:17mm,Largeur totale:269mm,Hauteur d'un verre:47.6mm,Matière:Plastique,Forme:Carré,Genre:Femme,Couleur:gris_606060
1649;Longueur des branches:140mm,Largeur d'un verre:57mm,Largeur du pont:16mm,Largeur totale:270mm,Hauteur d'un verre:47.4mm,Matière:Plastique,Forme:Carré,Genre:Femme,Couleur:violet_660099
1533;Longueur des branches:140mm,Largeur d'un verre:56mm,Largeur du pont:17mm,Largeur totale:269mm,Hauteur d'un verre:50.3mm,Matière:Plastique,Forme:Carré,Genre:Femme,Couleur:gris_606060
1713;Longueur des branches:140mm,Largeur d'un verre:56mm,Largeur du pont:17mm,Largeur totale:269mm,Hauteur d'un verre:50.3mm,Matière:Plastique,Forme:Carré,Genre:Femme,Couleur:gris_606060
1477;Longueur des branches:145mm,Largeur d'un verre:55mm,Largeur du pont:19mm,Largeur totale:274mm,Hauteur d'un verre:47.1mm,Matière:Plastique,Forme:Pilote,Genre:Homme,Couleur:gris_606060
1657;Longueur des branches:145mm,Largeur d'un verre:55mm,Largeur du pont:19mm,Largeur totale:274mm,Hauteur d'un verre:47.1mm,Matière:Plastique,Forme:Pilote,Genre:Homme,Couleur:gris_606060
1541;Longueur des branches:140mm,Largeur d'un verre:58mm,Largeur du pont:18mm,Largeur totale:274mm,Hauteur d'un verre:47.3mm,Matière:Métal,Forme:Carré,Genre:Homme,Couleur:gris_606060
1721;Longueur des branches:140mm,Largeur d'un verre:58mm,Largeur du pont:18mm,Largeur totale:274mm,Hauteur d'un verre:47.3mm,Matière:Métal,Forme:Carré,Genre:Homme,Couleur:gris_606060
1485;Longueur des branches:140mm,Largeur d'un verre:57mm,Largeur du pont:17mm,Largeur totale:271mm,Hauteur d'un verre:52mm,Matière:Métal,Forme:Ronde,Genre:Femme,Couleur:rose_FD6C9E
1665;Longueur des branches:140mm,Largeur d'un verre:55mm,Largeur du pont:18mm,Largeur totale:268mm,Hauteur d'un verre:51mm,Matière:Métal,Forme:Ronde,Genre:Femme,Couleur:gris_606060
1429;Longueur des branches:145mm,Largeur d'un verre:53mm,Largeur du pont:20mm,Largeur totale:271mm,Hauteur d'un verre:49.6mm,Matière:Métal,Forme:Papillon,Genre:Femme,Couleur:bleu_0000FF
1729;Longueur des branches:140mm,Largeur d'un verre:52.2mm,Largeur du pont:21mm,Largeur totale:265.4mm,Hauteur d'un verre:47.3mm,Matière:Plastique,Forme:Ronde,Genre:Femme,Couleur:marron_582900
1493;Longueur des branches:140mm,Largeur d'un verre:57mm,Largeur du pont:17mm,Largeur totale:271mm,Hauteur d'un verre:49.6mm,Matière:Plastique,Forme:Carré,Genre:Femme,Couleur:violet_660099
1673;Longueur des branches:140mm,Largeur d'un verre:61mm,Largeur du pont:17mm,Largeur totale:279mm,Hauteur d'un verre:56.3mm,Matière:Métal,Forme:Ronde,Genre:Femme,Couleur:rose_FD6C9E
1437;Longueur des branches:140mm,Largeur d'un verre:57mm,Largeur du pont:17mm,Largeur totale:271mm,Hauteur d'un verre:49.6mm,Matière:Plastique,Forme:Carré,Genre:Femme,Couleur:gris_606060
1737;Longueur des branches:145mm,Largeur d'un verre:60mm,Largeur du pont:14mm,Largeur totale:279mm,Hauteur d'un verre:53.1mm,Matière:Métal,Forme:Pilote,Genre:Homme,Couleur:gris_606060
1501;Longueur des branches:145mm,Largeur d'un verre:60mm,Largeur du pont:14mm,Largeur totale:279mm,Hauteur d'un verre:53.1mm,Matière:Métal,Forme:Pilote,Genre:Homme,Couleur:marron_582900
1681;Longueur des branches:140mm,Largeur d'un verre:57mm,Largeur du pont:16mm,Largeur totale:270mm,Hauteur d'un verre:48.1mm,Matière:Métal,Forme:Ronde,Genre:Femme,Couleur:gris_606060
1445;Longueur des branches:140mm,Largeur d'un verre:55mm,Largeur du pont:18mm,Largeur totale:268mm,Hauteur d'un verre:52.1mm,Matière:Plastique,Forme:Carré,Genre:Femme,Couleur:marron_582900
1745;Longueur des branches:140mm,Largeur d'un verre:55mm,Largeur du pont:18mm,Largeur totale:268mm,Hauteur d'un verre:52.1mm,Matière:Plastique,Forme:Carré,Genre:Femme,Couleur:gris_606060
1509;Longueur des branches:140mm,Largeur d'un verre:57mm,Largeur du pont:18mm,Largeur totale:272mm,Hauteur d'un verre:51.2mm,Matière:Plastique,Forme:Papillon,Genre:Femme,Couleur:rose_FD6C9E
1689;Longueur des branches:140mm,Largeur d'un verre:55mm,Largeur du pont:19mm,Largeur totale:269mm,Hauteur d'un verre:47.3mm,Matière:Plastique,Forme:Carré,Genre:Homme,Couleur:gris_606060
1453;Longueur des branches:140mm,Largeur d'un verre:53mm,Largeur du pont:22mm,Largeur totale:268mm,Hauteur d'un verre:51.8mm,Matière:Plastique,Forme:Carré,Genre:Femme,Couleur:gris_606060
1753;Longueur des branches:140mm,Largeur d'un verre:55mm,Largeur du pont:18mm,Largeur totale:268mm,Hauteur d'un verre:49.3mm,Matière:Plastique,Forme:Pantos,Genre:Femme,Couleur:marron_582900
1517;Longueur des branches:140mm,Largeur d'un verre:57mm,Largeur du pont:17mm,Largeur totale:271mm,Hauteur d'un verre:48.5mm,Matière:Métal,Forme:Ronde,Genre:Femme,Couleur:gris_606060
1697;Longueur des branches:140mm,Largeur d'un verre:59mm,Largeur du pont:17mm,Largeur totale:275mm,Hauteur d'un verre:53.5mm,Matière:Métal,Forme:Ronde,Genre:Femme,Couleur:rose_FD6C9E
1461;Longueur des branches:140mm,Largeur d'un verre:59mm,Largeur du pont:17mm,Largeur totale:275mm,Hauteur d'un verre:53.5mm,Matière:Métal,Forme:Ronde,Genre:Femme,Couleur:marron_582900
1761;Longueur des branches:140mm,Largeur d'un verre:59mm,Largeur du pont:17mm,Largeur totale:275mm,Hauteur d'un verre:53.5mm,Matière:Métal,Forme:Ronde,Genre:Femme,Couleur:rose_FD6C9E
1525;Longueur des branches:140mm,Largeur d'un verre:55mm,Largeur du pont:18mm,Largeur totale:268mm,Hauteur d'un verre:50.5mm,Matière:Plastique,Forme:Ronde,Genre:Femme,Couleur:gris_606060
1705;Longueur des branches:140mm,Largeur d'un verre:55mm,Largeur du pont:18mm,Largeur totale:268mm,Hauteur d'un verre:50.5mm,Matière:Plastique,Forme:Ronde,Genre:Femme,Couleur:marron_582900
1469;Longueur des branches:140mm,Largeur d'un verre:62mm,Largeur du pont:16mm,Largeur totale:280mm,Hauteur d'un verre:57.7mm,Matière:Métal,Forme:Carré,Genre:Femme,Couleur:rose_FD6C9E
1652;Longueur des branches:145mm,Largeur d'un verre:53mm,Largeur du pont:20mm,Largeur totale:271mm,Hauteur d'un verre:46mm,Matière:Plastique,Forme:Ronde,Genre:Femme,Couleur:marron_582900
1596;Longueur des branches:140mm,Largeur d'un verre:62mm,Largeur du pont:12mm,Largeur totale:276mm,Hauteur d'un verre:52.2mm,Matière:Métal,Forme:Ronde,Genre:Femme,Couleur:gris_606060
1604;Longueur des branches:140mm,Largeur d'un verre:62mm,Largeur du pont:12mm,Largeur totale:276mm,Hauteur d'un verre:52.2mm,Matière:Métal,Forme:Ronde,Genre:Femme,Couleur:jaune_FFFF00
1548;Longueur des branches:140mm,Largeur d'un verre:62mm,Largeur du pont:16mm,Largeur totale:280mm,Hauteur d'un verre:51.9mm,Matière:Métal,Forme:Ronde,Genre:Femme,Couleur:gris_606060
1612;Longueur des branches:140mm,Largeur d'un verre:58mm,Largeur du pont:16mm,Largeur totale:272mm,Hauteur d'un verre:52.6mm,Matière:Métal,Forme:Ovale,Genre:Femme,Couleur:marron_582900
1556;Longueur des branches:145mm,Largeur d'un verre:53mm,Largeur du pont:19mm,Largeur totale:270mm,Hauteur d'un verre:46mm,Matière:Plastique,Forme:Ovale,Genre:Femme,Couleur:marron_582900
1620;Longueur des branches:140mm,Largeur d'un verre:56mm,Largeur du pont:17mm,Largeur totale:269mm,Hauteur d'un verre:44.3mm,Matière:Plastique,Forme:Papillon,Genre:Femme,Couleur:gris_606060
1564;Longueur des branches:135mm,Largeur d'un verre:56mm,Largeur du pont:18mm,Largeur totale:265mm,Hauteur d'un verre:46.8mm,Matière:Plastique,Forme:Carré,Genre:Femme,Couleur:violet_660099
1628;Longueur des branches:140mm,Largeur d'un verre:58mm,Largeur du pont:17mm,Largeur totale:273mm,Hauteur d'un verre:43.6mm,Matière:Métal,Forme:Rectangle,Genre:Homme,Couleur:marron_582900
1572;Longueur des branches:145mm,Largeur d'un verre:61.6mm,Largeur du pont:15mm,Largeur totale:283.2mm,Hauteur d'un verre:53.1mm,Matière:Titane,Forme:Pilote,Genre:Homme,Couleur:marron_582900
1636;Longueur des branches:140mm,Largeur d'un verre:57mm,Largeur du pont:19mm,Largeur totale:273mm,Hauteur d'un verre:46.8mm,Matière:Plastique,Forme:Carré,Genre:Femme,Couleur:Gris_606060
1580;Longueur des branches:140mm,Largeur d'un verre:59mm,Largeur du pont:13mm,Largeur totale:271mm,Hauteur d'un verre:47.6mm,Matière:Métal,Forme:Pilote,Genre:Homme,Couleur:bleu_0000FF
1644;Longueur des branches:135mm,Largeur d'un verre:56mm,Largeur du pont:17mm,Largeur totale:264mm,Hauteur d'un verre:50.4mm,Matière:Plastique,Forme:Carré,Genre:Femme,Couleur:Gris_606060
1588;Longueur des branches:145mm,Largeur d'un verre:57mm,Largeur du pont:18mm,Largeur totale:277mm,Hauteur d'un verre:42.4mm,Matière:Plastique,Forme:Carré,Genre:Homme,Couleur:marron_582900
1472;Longueur des branches:140mm,Largeur d'un verre:55mm,Largeur du pont:17mm,Largeur totale:267mm,Hauteur d'un verre:49.6mm,Matière:Plastique,Forme:Carré,Genre:Femme,Couleur:gris_606060
1536;Longueur des branches:145mm,Largeur d'un verre:53mm,Largeur du pont:22mm,Largeur totale:273mm,Hauteur d'un verre:47.9mm,Matière:Plastique,Forme:Pantos,Genre:Femme,Couleur:marron_582900
1716;Longueur des branches:145mm,Largeur d'un verre:55mm,Largeur du pont:19mm,Largeur totale:274mm,Hauteur d'un verre:50.1mm,Matière:Plastique,Forme:Pantos,Genre:Femme,Couleur:gris_606060
1480;Longueur des branches:145mm,Largeur d'un verre:55mm,Largeur du pont:19mm,Largeur totale:274mm,Hauteur d'un verre:50.1mm,Matière:Plastique,Forme:Pantos,Genre:Femme,Couleur:Gris_606060
1660;Longueur des branches:145mm,Largeur d'un verre:55mm,Largeur du pont:19mm,Largeur totale:274mm,Hauteur d'un verre:47.1mm,Matière:Plastique,Forme:Pilote,Genre:Homme,Couleur:bleu_0000FF
1724;Longueur des branches:145mm,Largeur d'un verre:71mm,Largeur du pont:21mm,Largeur totale:308mm,Hauteur d'un verre:47mm,Matière:Plastique,Forme:Pantos,Genre:Homme,Couleur:marron_582900
1488;Longueur des branches:140mm,Largeur d'un verre:55mm,Largeur du pont:18mm,Largeur totale:268mm,Hauteur d'un verre:51.7mm,Matière:Métal,Forme:Ronde,Genre:Femme,Couleur:bleu_0000FF
1668;Longueur des branches:150mm,Largeur d'un verre:54mm,Largeur du pont:20mm,Largeur totale:278mm,Hauteur d'un verre:53.9mm,Matière:Métal,Forme:Ronde,Genre:Femme,Couleur:bleu_0000FF
1432;Longueur des branches:135mm,Largeur d'un verre:55mm,Largeur du pont:18mm,Largeur totale:263mm,Hauteur d'un verre:46.6mm,Matière:Plastique,Forme:Rectangle,Genre:Femme,Couleur:marron_582900
1732;Longueur des branches:140mm,Largeur d'un verre:55mm,Largeur du pont:18mm,Largeur totale:268mm,Hauteur d'un verre:51mm,Matière:Métal,Forme:Ronde,Genre:Femme,Couleur:gris_606060
1496;Longueur des branches:140mm,Largeur d'un verre:55mm,Largeur du pont:18mm,Largeur totale:268mm,Hauteur d'un verre:51mm,Matière:Métal,Forme:Ronde,Genre:Femme,Couleur:orange_ED7F10
1676;Longueur des branches:140mm,Largeur d'un verre:58.5mm,Largeur du pont:15mm,Largeur totale:272mm,Hauteur d'un verre:50.2mm,Matière:Métal,Forme:Ronde,Genre:Femme,Couleur:gris_606060
1440;Longueur des branches:140mm,Largeur d'un verre:61mm,Largeur du pont:17mm,Largeur totale:279mm,Hauteur d'un verre:56.3mm,Matière:Métal,Forme:Ronde,Genre:Femme,Couleur:gris_606060
1740;Longueur des branches:135mm,Largeur d'un verre:57mm,Largeur du pont:17mm,Largeur totale:266mm,Hauteur d'un verre:51.3mm,Matière:Métal,Forme:Papillon,Genre:Femme,Couleur:gris_606060
1504;Longueur des branches:135mm,Largeur d'un verre:57mm,Largeur du pont:17mm,Largeur totale:266mm,Hauteur d'un verre:49.9mm,Matière:Métal,Forme:Papillon,Genre:Femme,Couleur:marron_582900
1684;Longueur des branches:140mm,Largeur d'un verre:55mm,Largeur du pont:18mm,Largeur totale:268mm,Hauteur d'un verre:52.1mm,Matière:Plastique,Forme:Carré,Genre:Femme,Couleur:marron_582900
1448;Longueur des branches:135mm,Largeur d'un verre:60.8mm,Largeur du pont:15mm,Largeur totale:271.6mm,Hauteur d'un verre:55.1mm,Matière:Métal,Forme:Ovale,Genre:Femme,Couleur:gris_606060
1748;Longueur des branches:140mm,Largeur d'un verre:61mm,Largeur du pont:14mm,Largeur totale:276mm,Hauteur d'un verre:51.6mm,Matière:Métal,Forme:Pilote,Genre:Femme,Couleur:gris_606060
1512;Longueur des branches:140mm,Largeur d'un verre:61mm,Largeur du pont:14mm,Largeur totale:276mm,Hauteur d'un verre:51.6mm,Matière:Métal,Forme:Pilote,Genre:Femme,Couleur:orange_ED7F10
1692;Longueur des branches:140mm,Largeur d'un verre:55mm,Largeur du pont:19mm,Largeur totale:269mm,Hauteur d'un verre:47.3mm,Matière:Plastique,Forme:Carré,Genre:Homme,Couleur:marron_582900
1456;Longueur des branches:140mm,Largeur d'un verre:55mm,Largeur du pont:18mm,Largeur totale:268mm,Hauteur d'un verre:49.3mm,Matière:Plastique,Forme:Pantos,Genre:Femme,Couleur:gris_606060
1756;Longueur des branches:140mm,Largeur d'un verre:55mm,Largeur du pont:18mm,Largeur totale:268mm,Hauteur d'un verre:49.3mm,Matière:Plastique,Forme:Pantos,Genre:Femme,Couleur:marron_582900
1520;Longueur des branches:145mm,Largeur d'un verre:57mm,Largeur du pont:14mm,Largeur totale:273mm,Hauteur d'un verre:50.9mm,Matière:Titane,Forme:Pilote,Genre:Homme,Couleur:gris_606060
1700;Longueur des branches:140mm,Largeur d'un verre:55mm,Largeur du pont:18mm,Largeur totale:268mm,Hauteur d'un verre:50.5mm,Matière:Plastique,Forme:Ronde,Genre:Femme,Couleur:marron_582900
1464;Longueur des branches:140mm,Largeur d'un verre:53mm,Largeur du pont:19mm,Largeur totale:265mm,Hauteur d'un verre:44.1mm,Matière:Plastique,Forme:Ronde,Genre:Femme,Couleur:gris_606060
1708;Longueur des branches:140mm,Largeur d'un verre:55mm,Largeur du pont:18mm,Largeur totale:268mm,Hauteur d'un verre:50.5mm,Matière:Plastique,Forme:Ronde,Genre:Femme,Couleur:marron_582900
1655;Longueur des branches:145mm,Largeur d'un verre:55mm,Largeur du pont:19mm,Largeur totale:274mm,Hauteur d'un verre:45.2mm,Matière:Plastique,Forme:Rectangle,Genre:Homme,Couleur:gris_606060
1599;Longueur des branches:145mm,Largeur d'un verre:55mm,Largeur du pont:19mm,Largeur totale:274mm,Hauteur d'un verre:48.9mm,Matière:Métal,Forme:Pilote,Genre:Homme,Couleur:marron_582900
1543;Longueur des branches:140mm,Largeur d'un verre:62mm,Largeur du pont:16mm,Largeur totale:280mm,Hauteur d'un verre:51.9mm,Matière:Métal,Forme:Ronde,Genre:Femme,Couleur:bleu_0000FF
1607;Longueur des branches:135mm,Largeur d'un verre:60mm,Largeur du pont:16mm,Largeur totale:271mm,Hauteur d'un verre:51.2mm,Matière:Métal,Forme:Pilote,Genre:Femme,Couleur:marron_582900
1551;Longueur des branches:135mm,Largeur d'un verre:54.8mm,Largeur du pont:20mm,Largeur totale:264.6mm,Hauteur d'un verre:51.7mm,Matière:Plastique,Forme:Ronde,Genre:Femme,Couleur:Gris_606060
1615;Longueur des branches:135mm,Largeur d'un verre:59mm,Largeur du pont:17mm,Largeur totale:270mm,Hauteur d'un verre:51.8mm,Matière:Métal,Forme:Carré,Genre:Femme,Couleur:gris_606060
1559;Longueur des branches:135mm,Largeur d'un verre:56mm,Largeur du pont:17mm,Largeur totale:264mm,Hauteur d'un verre:50.4mm,Matière:Plastique,Forme:Carré,Genre:Femme,Couleur:marron_582900
1623;Longueur des branches:140mm,Largeur d'un verre:56mm,Largeur du pont:17mm,Largeur totale:269mm,Hauteur d'un verre:44.9mm,Matière:Plastique,Forme:Papillon,Genre:Femme,Couleur:gris_606060
1567;Longueur des branches:135mm,Largeur d'un verre:57mm,Largeur du pont:17mm,Largeur totale:266mm,Hauteur d'un verre:47.4mm,Matière:Plastique,Forme:Papillon,Genre:Femme,Couleur:marron_582900
1631;Longueur des branches:135mm,Largeur d'un verre:58mm,Largeur du pont:18mm,Largeur totale:269mm,Hauteur d'un verre:50.5mm,Matière:Métal,Forme:Papillon,Genre:Femme,Couleur:rose_FD6C9E
1575;Longueur des branches:140mm,Largeur d'un verre:56mm,Largeur du pont:16mm,Largeur totale:268mm,Hauteur d'un verre:49.6mm,Matière:Plastique,Forme:Papillon,Genre:Femme,Couleur:marron_582900
1639;Longueur des branches:140mm,Largeur d'un verre:57mm,Largeur du pont:17mm,Largeur totale:271mm,Hauteur d'un verre:45.5mm,Matière:Plastique,Forme:Rectangle,Genre:Homme,Couleur:marron_582900
1583;Longueur des branches:145mm,Largeur d'un verre:57mm,Largeur du pont:18mm,Largeur totale:277mm,Hauteur d'un verre:42.4mm,Matière:Plastique,Forme:Carré,Genre:Homme,Couleur:gris_606060
1647;Longueur des branches:140mm,Largeur d'un verre:56mm,Largeur du pont:17mm,Largeur totale:269mm,Hauteur d'un verre:50.3mm,Matière:Plastique,Forme:Carré,Genre:Femme,Couleur:marron_582900
1591;Longueur des branches:140mm,Largeur d'un verre:55mm,Largeur du pont:17mm,Largeur totale:267mm,Hauteur d'un verre:49.6mm,Matière:Plastique,Forme:Carré,Genre:Femme,Couleur:marron_582900
1711;Longueur des branches:140mm,Largeur d'un verre:57mm,Largeur du pont:17mm,Largeur totale:271mm,Hauteur d'un verre:50.1mm,Matière:Plastique,Forme:Carré,Genre:Femme,Couleur:Gris_606060
1475;Longueur des branches:140mm,Largeur d'un verre:57mm,Largeur du pont:17mm,Largeur totale:271mm,Hauteur d'un verre:50.1mm,Matière:Plastique,Forme:Carré,Genre:Femme,Couleur:rose_FD6C9E
1539;Longueur des branches:145mm,Largeur d'un verre:55mm,Largeur du pont:19mm,Largeur totale:274mm,Hauteur d'un verre:47.1mm,Matière:Plastique,Forme:Pilote,Genre:Homme,Couleur:marron_582900
1719;Longueur des branches:140mm,Largeur d'un verre:55mm,Largeur du pont:18mm,Largeur totale:268mm,Hauteur d'un verre:51.7mm,Matière:Métal,Forme:Ronde,Genre:Femme,Couleur:gris_606060
1483;Longueur des branches:140mm,Largeur d'un verre:55mm,Largeur du pont:18mm,Largeur totale:268mm,Hauteur d'un verre:51.7mm,Matière:Métal,Forme:Ronde,Genre:Femme,Couleur:marron_582900
1663;Longueur des branches:140mm,Largeur d'un verre:58mm,Largeur du pont:18mm,Largeur totale:274mm,Hauteur d'un verre:47.3mm,Matière:Métal,Forme:Carré,Genre:Homme,Couleur:marron_582900
1727;Longueur des branches:140mm,Largeur d'un verre:57mm,Largeur du pont:17mm,Largeur totale:271mm,Hauteur d'un verre:52mm,Matière:Métal,Forme:Ronde,Genre:Femme,Couleur:gris_606060
1491;Longueur des branches:140mm,Largeur d'un verre:57mm,Largeur du pont:17mm,Largeur totale:271mm,Hauteur d'un verre:52mm,Matière:Métal,Forme:Ronde,Genre:Femme,Couleur:gris_606060
1671;Longueur des branches:150mm,Largeur d'un verre:54mm,Largeur du pont:20mm,Largeur totale:278mm,Hauteur d'un verre:53.9mm,Matière:Métal,Forme:Ronde,Genre:Femme,Couleur:gris_606060
1435;Longueur des branches:150mm,Largeur d'un verre:54mm,Largeur du pont:20mm,Largeur totale:278mm,Hauteur d'un verre:53.9mm,Matière:Métal,Forme:Ronde,Genre:Femme,Couleur:gris_606060
1735;Longueur des branches:145mm,Largeur d'un verre:57mm,Largeur du pont:16mm,Largeur totale:275mm,Hauteur d'un verre:50.6mm,Matière:Plastique,Forme:Carré,Genre:Femme,Couleur:Gris_606060
1499;Longueur des branches:145mm,Largeur d'un verre:57mm,Largeur du pont:16mm,Largeur totale:275mm,Hauteur d'un verre:50.6mm,Matière:Plastique,Forme:Carré,Genre:Femme,Couleur:gris_606060
1679;Longueur des branches:135mm,Largeur d'un verre:55mm,Largeur du pont:18mm,Largeur totale:263mm,Hauteur d'un verre:46.6mm,Matière:Plastique,Forme:Rectangle,Genre:Femme,Couleur:rose_FD6C9E
1443;Longueur des branches:140mm,Largeur d'un verre:52.2mm,Largeur du pont:21mm,Largeur totale:265.4mm,Hauteur d'un verre:47.3mm,Matière:Plastique,Forme:Ronde,Genre:Femme,Couleur:gris_606060
1743;Longueur des branches:140mm,,Largeur du pont:137mm,Largeur totale:277mm,Hauteur d'un verre:mm,Matière:Métal,Forme:Ronde,Genre:Femme,Couleur:gris_606060
1507;Longueur des branches:145mm,Largeur d'un verre:60mm,Largeur du pont:15mm,Largeur totale:280mm,Hauteur d'un verre:49.4mm,Matière:Métal,Forme:Rectangle,Genre:Homme,Couleur:marron_582900
1687;Longueur des branches:145mm,Largeur d'un verre:56mm,Largeur du pont:19mm,Largeur totale:276mm,Hauteur d'un verre:46.1mm,Matière:Métal,Forme:Rectangle,Genre:Homme,Couleur:bleu_0000FF
1451;Longueur des branches:145mm,Largeur d'un verre:56mm,Largeur du pont:19mm,Largeur totale:276mm,Hauteur d'un verre:46.1mm,Matière:Métal,Forme:Rectangle,Genre:Homme,Couleur:gris_606060
1751;Longueur des branches:145mm,Largeur d'un verre:56mm,Largeur du pont:19mm,Largeur totale:276mm,Hauteur d'un verre:46.1mm,Matière:Métal,Forme:Rectangle,Genre:Homme,Couleur:marron_582900
1515;Longueur des branches:135mm,Largeur d'un verre:57mm,Largeur du pont:17mm,Largeur totale:266mm,Hauteur d'un verre:49.9mm,Matière:Métal,Forme:Papillon,Genre:Femme,Couleur:marron_582900
1695;Longueur des branches:140mm,Largeur d'un verre:54mm,Largeur du pont:20mm,Largeur totale:268mm,Hauteur d'un verre:45.8mm,Matière:Plastique,Forme:Papillon,Genre:Femme,Couleur:violet_660099
1759;Longueur des branches:140mm,Largeur d'un verre:57mm,Largeur du pont:17mm,Largeur totale:271mm,Hauteur d'un verre:49.6mm,Matière:Plastique,Forme:Carré,Genre:Femme,Couleur:Gris_606060
1523;Longueur des branches:140mm,Largeur d'un verre:57mm,Largeur du pont:17mm,Largeur totale:271mm,Hauteur d'un verre:48.5mm,Matière:Métal,Forme:Ronde,Genre:Femme,Couleur:orange_ED7F10
1703;Longueur des branches:140mm,Largeur d'un verre:54mm,Largeur du pont:20mm,Largeur totale:268mm,Hauteur d'un verre:45mm,Matière:Métal,Forme:Papillon,Genre:Femme,Couleur:gris_606060
1467;Longueur des branches:140mm,Largeur d'un verre:54mm,Largeur du pont:20mm,Largeur totale:268mm,Hauteur d'un verre:45mm,Matière:Métal,Forme:Papillon,Genre:Femme,Couleur:violet_660099
1529;Longueur des branches:140mm,Largeur d'un verre:54mm,Largeur du pont:20mm,Largeur totale:268mm,Hauteur d'un verre:45mm,Matière:Métal,Forme:Papillon,Genre:Femme,Couleur:orange_ED7F10
1530;Longueur des branches:145mm,Largeur d'un verre:54mm,Largeur du pont:18mm,Largeur totale:271mm,Hauteur d'un verre:49mm,Matière:Plastique,Forme:Papillon,Genre:Femme,Couleur:rose_FD6C9E
1528;Longueur des branches:140mm,Largeur d'un verre:55mm,Largeur du pont:17mm,Largeur totale:267mm,Hauteur d'un verre:46.8mm,Matière:Plastique,Forme:Ovale,Genre:Femme,Couleur:gris_606060
1531;Longueur des branches:140mm,Largeur d'un verre:56mm,Largeur du pont:20mm,Largeur totale:272mm,Hauteur d'un verre:51.4mm,Matière:Plastique,Forme:Carré,Genre:Femme,Couleur:gris_606060
1459;Longueur des branches:135mm,Largeur d'un verre:59mm,Largeur du pont:17mm,Largeur totale:270mm,Hauteur d'un verre:51.4mm,Matière:Métal,Forme:Ovale,Genre:Femme,Couleur:gris_606060